apartment_sale_PSF_PPU_mean,apartment_sale_PricePerLandSqFt_mean,apartment_sale_PSF_PPU_median,apartment_sale_PricePerLandSqFt_median,office_sale_PSF_PPU_mean,office_sale_PricePerLandSqFt_mean,office_sale_PSF_PPU_median,office_sale_PricePerLandSqFt_median,apartment_refinance_PSF_PPU_mean,apartment_refinance_PricePerLandSqFt_mean,apartment_refinance_PSF_PPU_median,apartment_refinance_PricePerLandSqFt_median,office_ref_PSF_PPU_mean,office_ref_PricePerLandSqFt_mean,office_ref_PSF_PPU_median,office_ref_PricePerLandSqFt_median,fips
358169.2,631.5967667,384090.9,412.8857,,,,,500000,1442.169,500000,1442.169,,,,,6001400200
476839.85,1167.50605,476839.85,1167.50605,,,,,177489.15,408.00865,177489.15,408.00865,,,,,6001400300
220238.1,550.92595,220238.1,550.92595,,,,,,,,,,,,,6001400400
185714.3,63.0762,185714.3,63.0762,,,,,,,,,,,,,6001400900
301831.575,700.474225,274114.6,601.9121,350.74895,196.2419,350.74895,196.2419,203541.675,861.58475,167500,587.31145,,,,,6001401100
248192.3,500.71575,248192.3,500.71575,361.9017667,149.797,313.9389,129.9444,,,,,,,,,6001401200
174575.875,467.0987375,147006.6,404.91575,442.9063571,361.8751857,396.5692,377.7778,305520.8,863.561675,251433.7,597.0883,137.16985,231.348,137.16985,231.348,6001401300
303333.3,260,303333.3,260,,,,,617500,529.2857,617500,529.2857,,,,,6001401400
128076.9,339.8015,128076.9,339.8015,404.8,244.0436,404.8,244.0436,96794.86,262.665,96794.86,262.665,,,,,6001401500
285714.3,363.3457,285714.3,363.3457,,,,,188863.65,357.69255,188863.65,357.69255,,,,,6001402400
468254,385.8842,468254,385.8842,,,,,208174.6,171.555,208174.6,171.555,,,,,6001402500
107692.3,105.1841,107692.3,105.1841,,,,,,,,,268.6953,147.7487,268.6953,147.7487,6001402600
144916.65,819.67195,144916.65,819.67195,,,,,167772.7,326.63715,167772.7,326.63715,,,,,6001402700
400125,1818.22,500000,2208.835,334.4524538,1907.041985,357.1429,1095.269,138888.9,937.4707,138888.9,937.4707,542.90045,1193.6234,542.90045,1193.6234,6001402800
151794.3083,706.15705,143082.45,544.28055,297.9829892,1060.944619,284.8787,775.8428,152891.975,627.327275,143216.25,609.0761,245.8281286,1135.567929,216.0574,923.46515,6001402900
168792.535,1931.7215,168792.535,1931.7215,350.226675,1935.4604,341.26965,1345.5395,391690.0333,2217.2261,300000,2988.345,284.7105,1070.5616,275.5228,600,6001403000
418169.7,1601.040667,393939.4,1581.133,320.9788833,2616.631792,316.6363,2779.362,452000,1496.609,452000,1496.609,484.17082,2400.0972,367.0053,2151.593,6001403100
156845.9,517.5916,156845.9,517.5916,293.13085,322.3212,293.13085,322.3212,,,,,,,,,6001403300
222864.502,677.57114,221657.2,617.0454,278.6517,372,278.6517,372,204117.05,580.7301,211250,427.45955,306.0529,2659.37685,306.0529,2659.37685,6001403400
176806.5333,376.8861667,150000,299.9394,329.4708,2387.1785,329.4708,2387.1785,189702.8333,720.24345,195880.7,384.8237,430.988,323.2323,430.988,323.2323,6001403501
273368.3,641.8121333,276923.1,643.5644,271.877,326.087,271.877,326.087,266666.65,845.4545,266666.65,845.4545,,,,,6001403800
241276.4429,429.0401143,256250,420.2111,204.928,535.6596,204.928,535.6596,167966.0333,352.8495333,162000,352.1739,,,,,6001403900
305567.6778,437.1871,271052.6,431.632,341.1409,174.3894667,379.827,194.1656,185410.2333,356.4128,179155.6,348.6372,,,,,6001404000
210597.2333,325.0264333,208041.7,333.857,1263.346,801.4897,1263.346,801.4897,287500,391.0006,287500,391.0006,,,,,6001404101
123333.3,264.2857,123333.3,264.2857,,,,,204347.8,437.8881,204347.8,437.8881,,,,,6001404800
307852.5667,278.4097667,336250,244.7531,,,,,,,,,,,,,6001404900
260836.5833,583.3923917,255250,575.13485,290.9006,647.6684,290.9006,647.6684,233518.5,659.9856333,225000,590.8096,,,,,6001405200
307725.7,744.27485,307725.7,744.27485,,,,,237121.2,657.1907333,236363.6,524.1935,,,,,6001405302
164710.28,408.61468,160600,310,,,,,181850.2271,481.3011143,178125,450.7042,,,,,6001405401
178051.4143,413.9020714,156818.2,387.8205,,,,,,,,,,,,,6001405700
163904.5667,240.3954,148913,244.6429,,,,,,,,,,,,,6001405800
129166.7,71.1662,129166.7,71.1662,,,,,,,,,,,,,6001405902
217311.55,665.938,217311.55,665.938,,,,,242374.8667,720.0978333,254090.9,557.8512,226.9504,83.6138,226.9504,83.6138,6001406000
224479.2,413.4277,224479.2,413.4277,,,,,248255.92,410.82122,197222.2,343.6925,,,,,6001406100
130510.166,483.78884,126829.3,431.7647,208.9666,119.9495,208.9666,119.9495,170824.1222,494.1546778,156250,636.3636,,,,,6001406201
80947.42,159.22115,80947.42,159.22115,144.9435,102.2389,144.9435,102.2389,142579.35,254.8636,142579.35,254.8636,,,,,6001406202
130434.8,113.2075,130434.8,113.2075,,,,,,,,,,,,,6001406300
316666.7,56.6468,316666.7,56.6468,,,,,,,,,,,,,6001406400
182616.775,188.8706,191153.85,170.3288,,,,,,,,,,,,,6001406500
192478.26,256.18002,204545.5,277.7778,,,,,184210.5,369.1983,184210.5,369.1983,,,,,6001406602
153000,0.0056,153000,0.0056,,,,,184000,0.0068,184000,0.0068,,,,,6001406700
538888.9,436.7009,538888.9,436.7009,,,,,,,,,,,,,6001406800
195370.4,146.936,195370.4,146.936,,,,,291666.7,221.2949,291666.7,221.2949,,,,,6001406900
129217.18,94.4674,149166.7,102.7319,,,,,164114.6,282.9218,164114.6,282.9218,,,,,6001407200
96696.522,264.6803,83938.66,285,,,,,178571.45,385.64085,178571.45,385.64085,,,,,6001407500
71913.56,73.6559,71913.56,73.6559,,,,,138186.352,164.31322,170370.2,176.5911,,,,,6001408200
97037.04,218.7161,97037.04,218.7161,,,,,103703.7,233.7424,103703.7,233.7424,,,,,6001408700
63673.47,52.7027,63673.47,52.7027,,,,,,,,,,,,,6001409200
89583.335,91.5299,89583.335,91.5299,,,,,132812.5,151.5056,132812.5,151.5056,,,,,6001409700
198684.2,393.9185,198684.2,393.9185,,,,,,,,,,,,,6001409900
140464.9367,171.5944667,151463.4,184,,,,,333333.3,363.6364,333333.3,363.6364,,,,,6001410100
216666.7,149.2195,216666.7,149.2195,328.3433,437.037,328.3433,437.037,271186.3333,315.6380333,264531.25,336.1665,,,,,6001420200
262500,723.1405,262500,723.1405,,,,,227777.8,370.0361,227777.8,370.0361,,,,,6001420600
105416.7,313.1188,105416.7,313.1188,,,,,250000,742.5743,250000,742.5743,,,,,6001421600
311612,289.048025,327890.65,299.23695,,,,,361123.7,522.9041667,336426.65,447.73875,,,,,6001421700
180878,432.3106,180878,432.3106,,,,,225000,409.0909,225000,409.0909,,,,,6001421900
172493.95,529.42835,172493.95,529.42835,,,,,176147.35,453.37495,180555.55,369.2017,,,,,6001422200
361654.8,917.1595333,318131.05,799.75985,196.5959,545.8097333,198.4569,479.077,329677.8,756.7316875,343093.3,727.59015,228.1352,742.6615,206.2962,745.3416,6001422400
269296.5429,429.1762857,260000,432,,,,,255183.22,689.40348,263103.4,604.0024,,,,,6001422500
244184.1,503.31905,244184.1,503.31905,,,,,339175.4333,683.7976,346153.7,692.3074,,,,,6001422700
227525.6,1515.37475,203381.8,1562.5,340.4856,265.708,340.4856,265.708,207042.7833,899.97385,191118.8,379.1569,245.1461,191.307,245.1461,191.307,6001422800
363911.5375,1170.872688,413177.4,1252.26565,305.7540143,853.0271357,283.17655,731.17465,314395.6059,1104.428053,312500,1039.077,304.79785,701.3033833,324.01645,697.18405,6001422900
258837.8667,437.2121,234210.5,365.7993,,,,,295306.6333,753.2142833,283333.35,688.07305,,,,,6001423000
290342.85,736.024575,266816.65,639.1215,,,,,306887.3,610.1923,306887.3,610.1923,,,,,6001423100
140833.3,126.75,140833.3,126.75,,,,,177777.8,160,177777.8,160,,,,,6001423200
229380.9667,260.5974667,231000,278.8462,,,,,320501.8,2744.3751,315000,777.7778,,,,,6001423500
245880,544.0975,269387.8,555.7945,410.9589,180.1802,410.9589,180.1802,307316.6813,575.38255,314413.25,608.28645,,,,,6001423602
184062.5,355.8498,184062.5,355.8498,,,,,261618.5,547.09195,261618.5,547.09195,,,,,6001423700
330022.7,406.5321,330022.7,406.5321,341.72205,533.4579,341.72205,533.4579,220467.85,692.9806,220467.85,692.9806,,,,,6001423902
320678.575,306.64165,306833.35,281.13465,,,,,357142.8,1058.799,357142.8,1058.799,,,,,6001424001
309800,397.1795,309800,397.1795,,,,,265306.1,760.2339,265306.1,760.2339,,,,,6001424002
250000,901.1983,250000,901.1983,193.87255,100.7335,193.87255,100.7335,,,,,351.7017,549.4425,351.7017,549.4425,6001425102
523325.3,899.7642,523325.3,899.7642,423.9056,599.81645,423.9056,599.81645,,,,,358.2258,915.7568,358.2258,915.7568,6001425103
271313.1333,316.9405667,211666.7,258.8384,,,,,,,,,,,,,6001425104
267889.885,266.28455,267889.885,266.28455,237.03275,69.64635,237.03275,69.64635,496428.6,493.4538,496428.6,493.4538,,,,,6001427300
277437.88,247.81934,266397.8,268.8786,,,,,,,,,,,,,6001427600
209442.4,282.97465,209442.4,282.97465,,,,,166666.65,382.3957,166666.65,382.3957,,,,,6001427800
270791.65,262.5582,270791.65,262.5582,,,,,260311.1,328.508725,262288.85,307.2526,,,,,6001427900
229222.2,389.3643,206060.6,405.5585,,,,,256205.35,642.3099,256205.35,642.3099,,,,,6001428000
216322.65,271.30465,216322.65,271.30465,,,,,,,,,,,,,6001428400
289951.2,273.4634,289951.2,273.4634,,,,,203318.725,179.255875,215263.15,190.47545,,,,,6001428500
429333.3,482.6187,429333.3,482.6187,,,,,353750,145.88085,353750,145.88085,,,,,6001428600
244940.84,203.9487,235443,186.8595,,,,,,,,,,,,,6001430500
276654.1,134.40875,276654.1,134.40875,264.0274,77.5154,264.0274,77.5154,204761.9333,94.5996,200000,84.2453,,,,,6001430800
243646.35,168.98104,252083.3,133.9199,288.1981,121.7565,288.1981,121.7565,282708.55,136.76775,284226.65,144.97305,,,,,6001430900
351666.6667,139.9538333,275000,136.646,,,,,,,,,,,,,6001431100
255417.5667,146.5604667,282432.4,153.6765,,,,,170985.65,120.7312,170985.65,120.7312,,,,,6001431200
197901.3,136.87745,197901.3,136.87745,,,,,171052.6,219.1799,171052.6,219.1799,,,,,6001432200
216731.6875,261.085475,211071.45,286.50915,297.1788,243.8774,263.7736,240.0557,237096.98,375.47936,220689.7,388.4615,392.5926,255.1856,392.5926,255.1856,6001432600
150915.175,225.963675,152500,230.84045,,,,,209811.12,205.87972,192500,201.5064,,,,,6001433103
229732.6667,218.9792,248630.1,221.4973,104.8774,44.23216667,102.695,48.2535,224747.6167,185.9005167,240853.65,195.88145,,,,,6001433104
210539.5,86.31085,210539.5,86.31085,,,,,,,,,,,,,6001433700
237500,118.9582,237500,118.9582,,,,,193315.3667,177.2975333,162758.6,180.9211,,,,,6001433800
208307.125,143.656625,194202.5,143.89415,,,,,159723.2286,128.8919,158536.6,111.6071,,,,,6001433900
243845.8167,159.0297167,207647.85,147.00445,,,,,212081.3217,223.2763083,212837.85,98.94595,,,,,6001435104
249583.3,218.7249,249583.3,218.7249,,,,,159458.4667,55.47426667,166666.7,52.2551,,,,,6001435300
186500,335.8001,186500,335.8001,126.3339,70.9365,116.2978,58.7752,213333.3,296.8157,213333.3,296.8157,139.1788,69.1473,139.1788,69.1473,6001435400
149385.2,119.20545,149385.2,119.20545,,,,,187284,121.7676,187284,121.7676,,,,,6001435500
147368.4,212.6582,147368.4,212.6582,,,,,210517.9667,151.5524667,192982.5,113.0451,,,,,6001435601
172750,127.9629,172750,127.9629,,,,,,,,,,,,,6001435602
214516.1333,88.31786667,217069.9,80.8389,,,,,164000,90.255,164000,90.255,,,,,6001436200
187012.4,118.78865,187012.4,118.78865,,,,,209090.9,210.7771,209090.9,210.7771,,,,,6001436300
177414.48,385.21616,185357.1,136.2162,,,,,224199.25,722.866,224199.25,722.866,,,,,6001436401
168852.25,70.00205,168852.25,70.00205,,,,,205500.5,123.36526,200000,144.2623,,,,,6001436601
231310.75,167.14298,219375,174.12075,,,,,196681.9478,142.1413333,214285.6,140.5152,,,,,6001436602
235496.7,175.3743,209823.5,163.7741,,,,,138888.9,97.6613,138888.9,97.6613,,,,,6001436800
198946.35,124.1587,198946.35,124.1587,,,,,122061.05,28.3028,122061.05,28.3028,,,,,6001436900
290441.2,158.7388,290441.2,158.7388,,,,,,,,,,,,,6001437200
196305.45,124.7994,178431.4,108.3609,,,,,198858.35,80.0086,198858.35,80.0086,,,,,6001437500
219775.725,76.37225,243181.8,78.92175,,,,,298254,231.9147,298254,231.9147,,,,,6001437701
169785.35,90.71845,169166.65,87.56005,,,,,306292.0667,157.5370667,318181.8,157.9042,,,,,6001437702
217634.3,217.367,217634.3,217.367,,,,,223880.6,223.6056,223880.6,223.6056,,,,,6001440308
319500,183.36775,319500,183.36775,,,,,,,,,,,,,6001440331
207358.1,85.5032,207358.1,85.5032,,,,,,,,,,,,,6001440335
82783.02,48.0267,82783.02,48.0267,,,,,316129,216.3293,316129,216.3293,,,,,6001441700
321428.6,134.2879,321428.6,134.2879,,,,,173160,110.0844,173160,110.0844,,,,,6001441800
289878.05,189.8598,289878.05,189.8598,331.82225,151.9838,343.58545,131.3021,248208.12,161.37928,260372.3,135.8551,,,,,6001441923
365709.15,145.58255,365709.15,145.58255,315.1853,154.1274,315.1853,154.1274,,,,,193.5348,94.6396,193.5348,94.6396,6001441924
407120.9,377.7289,407120.9,377.7289,341.6667,65.8861,341.6667,65.8861,,,,,257.1909,106.9885,257.1909,106.9885,6001441925
278688.5,156.3218,278688.5,156.3218,,,,,270343.15,148.820775,263784.15,151.4649,,,,,6001441926
297649.746,146.33088,320000,151.5956,,,,,281774.9,156.0164,261666.7,131.1819,,,,,6001442301
309583.3333,143.3862667,310000,148.7719,311.2799,147.1909,311.2799,147.1909,205869.644,96.3416,218750,73.7619,,,,,6001442302
301136.4,138.2628,301136.4,138.2628,,,,,,,,,,,,,6001442500
185749.05,95.2497,185749.05,95.2497,,,,,227272.7,94.3396,227272.7,94.3396,,,,,6001442602
288125,191.9356,288125,191.9356,,,,,205882.4,122.807,205882.4,122.807,,,,,6001443321
301250,177.6317,301250,177.6317,,,,,,,,,,,,,6001444200
310609.2,177.4582,310609.2,177.4582,,,,,233333.3,147.8977,233333.3,147.8977,,,,,6001444400
232977.45,152.274175,239479.2,147.71165,,,,,221875,148.2707,221875,148.2707,,,,,6001444500
328116.95,354.48745,328116.95,354.48745,221.262975,108.669,245.2179,106.2493,317948.7,343.7981,317948.7,343.7981,,,,,6001450101
354802.3,225.6169,354802.3,225.6169,188.154875,60.914,146.79905,59.3721,,,,,182.0333,91.8274,182.0333,91.8274,6001450300
263749,165.932,263749,165.932,257.0223667,77.8525,240.9871,85.8207,,,,,209.74994,92.82344,175.1235,84.8539,6001450400
308571.4,149.7185,308571.4,149.7185,267.10525,56.13735,267.10525,56.13735,,,,,,,,,6001450501
294520.5667,146.5504333,308219.2,153.4234,,,,,208908.15,117.60255,208908.15,117.60255,,,,,6001450604
353333.3,165.09,353333.3,165.09,,,,,,,,,403.1645,76.3007,403.1645,76.3007,6001450605
400952.4,238.14015,400952.4,238.14015,234.29615,106.1172167,229.94335,90.7384,,,,,194.1396,66.564575,175.751,62.69925,6001450607
338685.3333,486.0194333,338164.3,202.8817,209.3709476,84.30310952,198.3226,74.9402,349056.6,224.413,349056.6,224.413,245.4362833,115.5876083,258.4612,107.20975,6001450743
339493.4,142.6111,339493.4,142.6111,,,,,,,,,,,,,6001450745
195892.9,93.7126,195892.9,93.7126,81.1209,52.1307,81.1209,52.1307,250686.85,108.1287,250686.85,108.1287,,,,,6001451503
232291.7,79.9902,232291.7,79.9902,,,,,284958.3,98.12615,284958.3,98.12615,,,,,6001451506
192700.7,83.022,192700.7,83.022,175.9523,75.0579,175.9523,75.0579,,,,,221.79155,87.36355,221.79155,87.36355,6013303102
103509.825,40.5588,103509.825,40.5588,,,,,,,,,,,,,6013307102
107561,45.8513,107561,45.8513,,,,,,,,,,,,,6013307201
144632.81,80.05115,144632.81,80.05115,,,,,181547.65,107.4974,181547.65,107.4974,,,,,6013307202
173627.4667,91.1612,178571.4,98.2741,,,,,175820.74,82.6516,162500,74.2721,,,,,6013307205
166547.36,73.0694,179063.7,72.5374,183.7009,65.7713,183.7009,65.7713,193490.15,107.13625,193490.15,107.13625,411.9318,96.6248,411.9318,96.6248,6013313101
176342.95,96.80675,176342.95,96.80675,,,,,157024.8,86.2017,157024.8,86.2017,,,,,6013313102
191379.3,104.8649,191379.3,104.8649,,,,,,,,,,,,,6013314104
346997,257.36835,346997,257.36835,,,,,,,,,,,,,6013317000
184722.2,47.7072,184722.2,47.7072,,,,,307940.7,170.5612,307940.7,170.5612,,,,,6013319000
258194.4333,155.6968333,268333.3,147.3555,212.3262,68.7169,212.3262,68.7169,226190.5,149.1214,226190.5,149.1214,,,,,6013320004
223687.5,123.7145,223687.5,123.7145,,,,,274000,141.3525,274000,141.3525,,,,,6013321103
239833.3,241.1395,239833.3,241.1395,129.0583,50.4346,129.0583,50.4346,,,,,,,,,6013321200
306530.15,230.2724,306530.15,230.2724,251.0430286,313.342,301.2784,84.9403,,,,,161.41736,235.51874,126.0365,61.2182,6013324001
205124.175,176.228325,188311.7,171.58545,172.34375,128.54745,172.34375,128.54745,135528.474,95.59758,97402.59,88.7511,368.4026,116.9591,368.4026,116.9591,6013324002
196851.9,127.0996,196851.9,127.0996,,,,,226388.9,143.2411,226388.9,143.2411,,,,,6013325000
275244.37,292.2539833,243117.75,282.115,345.2976429,455.0309,195.9732,483.3946,193206.0267,237.2798,259090.9,256.7577,,,,,6013328000
190131.6,192.8621,190131.6,192.8621,285.5058,136.2994,285.5058,136.2994,170833.3,107.79515,170833.3,107.79515,,,,,6013329000
233776.8,109.220375,240625,101.6951,,,,,180000,98.9707,180000,98.9707,,,,,6013331000
187500,136.6479,187500,136.6479,,,,,267000,194.5866,267000,194.5866,,,,,6013333101
259640.4,136.5793,259640.4,136.5793,,,,,235214,171.384,235214,171.384,,,,,6013333200
437500,152.1739,437500,152.1739,404.1706,219.9975,404.1706,219.9975,572608.7,182.1325,572608.7,182.1325,,,,,6013334200
177361.45,127.770975,178532.4,102.0853,,,,,163152.905,95.67523333,157962.15,68.04075,,,,,6013336101
167916.1809,144.2625727,160550.5,128.2177,,,,,198721.93,161.22887,204611.05,159.16915,,,,,6013336102
271090.9,137.9151,271090.9,137.9151,,,,,,,,,,,,,6013336201
152075.3782,107.3246364,154207.8,97.5069,,,,,185185.2,151.0358,185185.2,151.0358,,,,,6013336202
235989.6,120.1691,235989.6,120.1691,115.6944,47.0788,115.6944,47.0788,,,,,,,,,6013337200
67441.82,43.0818,67441.82,43.0818,,,,,143750,79.59935,143750,79.59935,,,,,6013338101
285868.7,299.79105,285868.7,299.79105,179.7463667,161.2286333,195.8478,203.0309,,,,,162.6016,252.2058,162.6016,252.2058,6013338203
332657.6,133.8253,332657.6,133.8253,,,,,187500,51.3959,187500,51.3959,,,,,6013338204
266048.5,396.7189,241436.05,318.378,342.483125,163.738025,290.5965,135.6414,237146.1857,266.0861286,205263.2,193.394,258.1350667,188.4905,278.0237,147.689,6013339001
320044.6636,481.5890455,320000,366.3362,438.1889167,504.1252444,388.0337,454.6434,308599.6583,413.4820083,301005.6,296.3634,324.4853364,392.6780636,282.5076,287.1856,6013339002
251009.16,128.53454,228571.4,97.0462,230.3919,114.8290667,202.628,108.7969,242734.5667,150.0532833,203911.9,162.74055,180.52315,84.3664,180.52315,84.3664,6013340001
114583.3,191.3177,114583.3,191.3177,257.8101,110.271,257.8101,110.271,280773.35,207.61015,280773.35,207.61015,,,,,6013341000
242424.3,275.4821,242424.3,275.4821,435.7504667,154.4868,458.3834,142.9442,,,,,390.04345,140.1727,390.04345,140.1727,6013343002
280520.36,253.33566,244186,181.1863,385.669325,159.2072,396.6697,169.90215,216666.7,192.5412,216666.7,192.5412,,,,,6013349000
251263.2222,198.1455556,247826.1,212.766,380.2649714,175.7699429,299.3833,121.9929,368509.7,331.7212,356785.7,326.7753,225.7211,159.0657333,230.7692,162.4638,6013350000
309107.125,153.007375,294047.6,151.94595,,,,,228750,124.6741,228750,124.6741,,,,,6013352201
213858.725,116.325825,216230.95,104.65845,,,,,,,,,,,,,6013359102
157837.8,88.144,175972.2,84.7104,,,,,195852.3,98.39156667,184545.5,112.6948,,,,,6013360200
243187.8333,77.0496,222222.2,80.7316,,,,,302777.8,83.4099,302777.8,83.4099,,,,,6013363000
186083.35,70.69905,186083.35,70.69905,122.78765,32.147825,125.29365,30.63795,259025.6667,106.9302667,253373,102.5172,73.4862,24.7216,73.4862,24.7216,6013365003
99750.63,82.7274,99750.63,82.7274,,,,,,,,,,,,,6013367100
147222.2,90.934,147222.2,90.934,,,,,,,,,,,,,6013367200
199687.5,188.0629,199687.5,188.0629,,,,,225000,120.4013,225000,120.4013,,,,,6013368001
158090.275,87.9241,159930.55,74.65985,,,,,,,,,,,,,6013369002
114815.675,109.45035,130287.9,112.62205,,,,,25252.53,9.332,25252.53,9.332,,,,,6013377000
193541.1,269.015,193541.1,269.015,,,,,,,,,,,,,6013382000
364285.7,510,364285.7,510,,,,,261585.1333,202.1066333,267857.2,239.485,,,,,6013386000
270632.58,211.33248,289622.7,211.4325,,,,,258753.175,230.60575,277234.85,232.1584,,,,,6013387000
249722.2,234.822,249722.2,234.822,198.30732,98.58284,186.208,107.8949,,,,,133.7228,46.9014,133.7228,46.9014,6041102203
275625,290.2013,275625,290.2013,,,,,286666.6667,496.3401833,282500,494.7847,,,,,6041104101
267284.2667,299.1026,256376.85,291.1765,270.2162667,173.9154667,240.5517,193.6983,239120.0111,161.5142667,279591.8,142.4457,,,,,6041108200
362812.5,227.29055,362812.5,227.29055,,,,,271150.075,261.266175,275694.45,265.85025,,,,,6041109001
264166.6667,226.5699333,265000,257.8072,320.370975,282.137,347.1468,247.2197,412500,281.1393,412500,281.1393,,,,,6041110100
304926.975,218.570225,304464.3,242.9599,545.73155,714.520725,347.03325,526.0709,304200.1,360.7916,299218.8,293.0823,814.92825,728.4405,814.92825,728.4405,6041111000
283950.9,190.8642667,235609.8,205.1468,370.2607,597.8344,370.2607,597.8344,122222.2,116.1042,122222.2,116.1042,,,,,6041112202
191638.05,112.47865,191638.05,112.47865,,,,,,,,,,,,,6041114200
280666.6667,154.8328,257500,132.8525,,,,,,,,,,,,,6041117000
268928.55,198.11025,268928.55,198.11025,,,,,,,,,,,,,6041119100
343750,195.6808,343750,195.6808,824.67295,481.6991125,756.582,361.01105,373684.2,162.9936,373684.2,162.9936,557.8947,183.3149,557.8947,183.3149,6041119201
210000,96.4187,210000,96.4187,,,,,333333.35,198.494,333333.35,198.494,,,,,6041120000
295071.2667,102.8761,321875,70.2559,383.7334,125.1528,383.7334,125.1528,418750.98,177.74848,388888.9,118.6763,339.0856,116.4031,339.0856,116.4031,6041121100
770454.6,163.0153,770454.6,163.0153,,,,,,,,,,,,,6041123000
338885.1667,250.3382,276500,186.3555,659.7718,314.5937,659.7718,314.5937,279166.7,105.9473,279166.7,105.9473,,,,,6041124100
358417.4667,388.9481333,350952.4,342.0589,533.8782,136.60545,533.8782,136.60545,266968.35,109.1365,266968.35,109.1365,421.6846,99.8591,421.6846,99.8591,6041125000
356944.4,233.5514,356944.4,233.5514,632.5231,244.94935,632.5231,244.94935,,,,,469.4836,165.2528,469.4836,165.2528,6041126100
323000,146.8182,323000,146.8182,,,,,,,,,548.2456,201.3423,548.2456,201.3423,6041127000
517877,644.0349333,551071.4,540.6068,539.9784,233.8261,539.9784,233.8261,428571.4,322.8306,428571.4,322.8306,,,,,6041130201
151867.5,96.457,151867.5,96.457,,,,,,,,,,,,,6055200301
324722.2,270.98905,324722.2,270.98905,322.2524,126.429,322.2524,126.429,,,,,,,,,6055200501
195486.1,107.7058,195486.1,107.7058,312,162.7883,312,162.7883,167083.3,92.0569,167083.3,92.0569,,,,,6055200504
254464.3,159.1952,254464.3,159.1952,,,,,268405.8,65.6357,268405.8,65.6357,,,,,6055200505
271092.2,120.4009,271092.2,120.4009,,,,,187719.1667,168.4937,139130.4,178.7571,,,,,6055200707
258500,126.2653,258500,126.2653,,,,,,,,,,,,,6055202000
415030.3,913.65972,406818.2,868.4273,564.1593,2256.637,564.1593,2256.637,496078.875,1859.72515,463333.35,1846.9185,,,,,6075010400
406250,3019.043,406250,3019.043,623.3419219,3999.795603,583.02295,4064.6015,216030.5,2361.94915,194142.8,2653.5135,521.5549054,3670.193814,519.7505,3650.173,6075011700
276548.97,1258.66213,288382.35,1017.75305,481.5311667,1481.726767,477.5097,1515.917,279614.8333,1486.950811,226415.1,1005.182,494.8644,1557.570829,504.0323,1450.872,6075012402
407102.2714,1139.199571,394444.4,1207.085,,,,,356150.78,1116.64072,338888.9,1200.961,,,,,6075012700
500416.6667,1230.571333,583333.3,1298.607,,,,,349642.1857,836.2711429,333333.3,760.3737,,,,,6075012800
481227.8,1411.562786,423586.2,1588.928,,,,,345105.8143,798.3798857,316666.7,746.4152,,,,,6075012902
652234.6,1591.741117,713050.6,1884.567,1086.488,2155.179,1086.488,2155.179,519309.5333,1801.47275,522714.3,1709.966,,,,,6075013200
443086.3571,1250.501114,411764.7,1191.193,268.27005,958.0088,268.27005,958.0088,414027.1333,935.8475,346153.8,810.3728,435.1768,329.1052,435.1768,329.1052,6075013300
399630.7143,751.7569429,398000,739.1641,603.359725,554.803,627.92255,573.1336,365804.8833,795.3281,359596,687.972,220.3857,178.8264,220.3857,178.8264,6075015400
400000,1393.121,400000,1393.121,668.01415,915.30915,668.01415,915.30915,,,,,,,,,6075015500
514471.175,884.8801,477884.65,868.84305,246.4644,595.8292,246.4644,595.8292,455769.25,778.1152,455769.25,778.1152,,,,,6075015700
428224.35,1276.189663,451666.65,1139.1665,,,,,316810.54,927.39608,263157.9,800,,,,,6075015801
545833.3,1667.7004,545833.3,1667.7004,,,,,231150.8,670.57815,231150.8,670.57815,,,,,6075015900
422857.2,339.7612,422857.2,339.7612,,,,,192270.535,538.5064,192270.535,538.5064,,,,,6075016100
372905.32,1083.52266,367857.2,941.6416,,,,,436476.15,1152.92735,461666.65,1173.486,530.1173,459.1368,530.1173,459.1368,6075016500
443007.58,1145.78356,505000,1240.794,,,,,456692.2167,1386.5117,404885.05,1256.557,,,,,6075016900
156250,406.1738,156250,406.1738,,,,,472619.0667,906.6273667,383333.3,904.1433,,,,,6075017000
279412.005,1081.601283,307250,843.8667,505.1452667,2159.567825,484.33375,1476.4365,384464.6333,3472.35955,340553.25,2770.9435,432.4293294,1939.272141,439.5604,1684.636,6075017601
248439.2667,1511.680433,269230.8,1601.708,519.3548818,723.9739273,451.7619,626.7131,459164.02,1288.75594,581250,1341.667,377.072325,757.103525,368.4857,683.39565,6075017802
268125,1335.99055,268125,1335.99055,517.7061267,1140.747087,558.5089,1062.423,442034.1,2266.205,378852.5,2023.244,547.4420364,1456.144327,400,1182.277,6075018000
442708.325,1215.942625,399479.15,1209.0566,479.66785,1511.863025,466.64635,1365.0325,267386.5333,1345.672667,260833.3,1392.968,,,,,6075020100
342641.0111,459.3488444,333333.3,286.0154,,,,,471338.9714,1190.280729,454545.5,927.7155,,,,,6075020300
281250,560.3675,281250,560.3675,,,,,,,,,,,,,6075020401
404880.95,840.165,431785.7,787.87185,,,,,298305.8143,327.3132286,272727.3,310.1929,,,,,6075020402
479467.3182,1124.916682,465833.3,1200,,,,,393466.66,1195.42824,383333.3,1023.691,,,,,6075020600
371596.1417,1024.052175,352377.65,778.04865,383.3688,870.7767,383.3688,870.7767,332201.3,988.91596,304166.7,862.069,,,,,6075020900
259090.9,1140,259090.9,1140,526.77305,820.8355,526.77305,820.8355,344444.45,626.22265,344444.45,626.22265,,,,,6075022704
195000,730.1662,195000,730.1662,589.848825,905.203175,477.84805,735.99115,237500,889.3049,237500,889.3049,445.1567,600.9615,445.1567,600.9615,6075022801
201724.2,112.0345,201724.2,112.0345,,,,,,,,,,,,,6075023103
470588.3,255.6984,470588.3,255.6984,,,,,613235.3,333.207,613235.3,333.207,,,,,6075023300
106250,243.4368,106250,243.4368,,,,,,,,,,,,,6075023400
550000,550,550000,550,,,,,,,,,,,,,6075025200
372727.25,891.61465,372727.25,891.61465,,,,,370833.35,719.01765,370833.35,719.01765,466.4179,572.5707,466.4179,572.5707,6075025300
592857.1,1022.419,592857.1,1022.419,,,,,409836.1,1002.325,409836.1,1002.325,,,,,6075026100
196785.7,306.1451,196785.7,306.1451,,,,,251225.5,320.5121,251225.5,320.5121,,,,,6075026303
336897.6,464.1116,398989.9,584.5022,,,,,375000,436.055,375000,436.055,,,,,6075030102
329545.5,805.7567,329545.5,805.7567,,,,,,,,,,,,,6075030302
401145.85,1039.3325,401145.85,1039.3325,,,,,216000,771.4286,216000,771.4286,,,,,6075030800
264285.7,443.1138,264285.7,443.1138,,,,,533333.3,1041.86,533333.3,1041.86,,,,,6075032700
281866.7,1174.444,281866.7,1174.444,531.25,309.0909,531.25,309.0909,345238.05,740.13605,345238.05,740.13605,,,,,6075033000
406706,259.254,406706,259.254,,,,,,,,,,,,,6075033204
342880.95,823.66735,342880.95,823.66735,,,,,404761.9,972.3175,404761.9,972.3175,,,,,6075035400
428140.025,1004.844325,441651.55,924.3469,331.66065,604.4964,331.66065,604.4964,300889.35,809.8017,300889.35,809.8017,,,,,6075040100
266906.2571,977.8574571,264285.7,965.2174,,,,,382142.9,1073.63365,382142.9,1073.63365,487.3626,1244.893,487.3626,1244.893,6075040200
278125,766.54605,278125,766.54605,,,,,410227.3,1228.571133,412500,1333.63,,,,,6075047901
358129.35,712.79835,358129.35,712.79835,244.39,119.3707,244.39,119.3707,,,,,,,,,6075061000
445454.5,473.2014,445454.5,473.2014,301.8673,158.52215,296.8784,135.4076,,,,,465.5184833,341.2098667,567.5848,273.3091,6081600100
353125,607.5269,353125,607.5269,,,,,,,,,,,,,6081600500
222222.2,706.3643,222222.2,706.3643,,,,,255828.4,687.14255,255828.4,687.14255,,,,,6081601300
314966.675,269.7959,325000,203.2962,372.008275,196.77095,384.96735,217.93105,220619.1333,231.4017,244871.7,222.1437,,,,,6081601502
247388.8667,336.1384333,275000,277.1712,,,,,291666.65,324.51,291666.65,324.51,,,,,6081601902
202777.775,386.71125,202777.775,386.71125,261.0526,757.9462,261.0526,757.9462,376482.2,658.15265,376482.2,658.15265,,,,,6081602200
285272.7,285.6623,285272.7,285.6623,330.033,130.0019,330.033,130.0019,286529.75,338.348125,271241.3,315.1062,,,,,6081602400
319602.3,221.11685,319602.3,221.11685,,,,,299238.2,542.6670333,313131.3,245.1538,,,,,6081602700
390000,357.0152,395000,286.6076,,,,,,,,,,,,,6081603200
361272.75,453.14435,361272.75,453.14435,,,,,,,,,,,,,6081604101
390157.2,531.0362,390157.2,531.0362,387.0100571,363.8118286,393.0738,247.817,,,,,204.4209,86.0882,204.4209,86.0882,6081604102
361111.1,324.4043,361111.1,324.4043,477.7168,483.2459,406.0914,303.6234,406349.25,811.99425,406349.25,811.99425,208.0444,211.0047,208.0444,211.0047,6081604400
346296.3,343.9903,346296.3,343.9903,,,,,425925.9,423.0897,425925.9,423.0897,,,,,6081604700
384149.5667,483.8487333,421833.3,501.9841,,,,,313725.5,254.6784,313725.5,254.6784,,,,,6081604800
612500,528.777,612500,528.777,300.2327714,143.7730286,273.7823,131.8578,,,,,222.2222,110.3694,222.2222,110.3694,6081605100
266666.7,397.5211,266666.7,397.5211,,,,,241250,359.6323,241250,359.6323,,,,,6081605200
368750,432.2344,368750,432.2344,,,,,,,,,,,,,6081605300
498333.35,556.2903,498333.35,556.2903,342.2946833,157.7922333,331.3831,152.2573,,,,,94.405,74.44745,94.405,74.44745,6081605400
387181.8286,611.6419714,366683.3,579.5857,577.0952333,665.8674667,610,519.6239,339577.2778,520.8489222,336842.1,452.9079,241.8233,860.2151,241.8233,860.2151,6081605500
397533.47,512.0054,425000,406.3981,566.5128,284.2105,566.5128,284.2105,288888.9,276.3285,288888.9,276.3285,484.2105,282.2086,484.2105,282.2086,6081605900
334666.325,415.833375,337500,412.14845,,,,,306451.6,316.077,306451.6,316.077,,,,,6081606000
328105.6,355.6844,346704.5,379.2869,,,,,384862.4,796.47005,384862.4,796.47005,,,,,6081606200
327068.775,294.6104,372727.3,295.12685,459.416,1526.63,459.416,1526.63,256807.9333,188.7060667,262500,162.5007,573.531425,1443.89315,580.7809,1198.70735,6081606400
241948.0333,309.3045667,256363.6,317.7966,,,,,,,,,,,,,6081606500
484615.4,447.571,484615.4,447.571,,,,,,,,,,,,,6081607000
344444.4,235.6497,344444.4,235.6497,1145.707,308.755,1145.707,308.755,244740.7,167.438,244740.7,167.438,,,,,6081607200
318939.4,303.3099667,350000,320.552,403.08285,417.23605,359.105,409.42525,543888.9,596.572,430000,694.0299,421.33144,394.47522,447.2727,329.1032,6081607400
516160.26,500.08124,547142.9,532.877,272.2728,372.112,272.2728,372.112,426004.1143,579.3498857,420420.4,565.4042,519.1094,1165.489,519.1094,1165.489,6081607500
383333.3,350.1614,383333.3,350.1614,617.9067,623.7846,596.3331,629.0155,250000,167.0864,250000,167.0864,,,,,6081607600
339027.8,151.0367,339027.8,151.0367,425.2157714,278.8145,426.8986,253.56815,338574.8667,222.9967,340000,225.953,422.729,205.9749,422.729,205.9749,6081607900
296577.6,156.7956,296577.6,156.7956,327.08685,279.22987,355.3736,152.2252,420000,314.3581333,350000,238.5225,501.1384667,215.3643,331.5702,171.3932,6081608004
276627.7,744.06455,276627.7,744.06455,315.0771,111.3763,297.1244,98.5553,395220,130.5468,395220,130.5468,285.8362,97.6026,285.8362,97.6026,6081608400
167754.4,198.6546,167754.4,198.6546,,,,,185185.2,231.4815,185185.2,231.4815,,,,,6081608501
353333.3333,238.5710667,365000,246.4484,,,,,,,,,,,,,6081608502
335641.0333,291.3794833,359423.1,309.82105,454.4543,206.9745333,410.3102,201.5789,378024.5,367.52765,378024.5,367.52765,,,,,6081608600
400736.625,350.47235,356716.85,329.1897,476.454,96.1706,476.454,96.1706,297546.9333,222.8352667,304545.5,229.2165,302.9202,131.9359,302.9202,131.9359,6081608700
412743.1812,348.757775,420416.65,368.82955,253.5714,77.2481,253.5714,77.2481,290946.4,262.4102667,288461.4,268.54225,,,,,6081608900
336993.4667,294.6663833,311911.75,266.7341,,,,,,,,,,,,,6081609000
312142.85,492.30135,312142.85,492.30135,412.7252,138.424,412.7252,138.424,625000,430.1075,625000,430.1075,,,,,6081609201
452176.4083,481.5569417,444318.2,457.8557,821.26,399.3699,821.26,399.3699,464872.9,460.169275,416485.5,474.1015,,,,,6081609202
415000,790.4762,415000,790.4762,413.125,464.1039,413.125,464.1039,,,,,,,,,6081609300
419166.6667,381.8867,480000,423.8186,,,,,,,,,,,,,6081609500
210526.3,100.03,210526.3,100.03,,,,,300000,111.3173,300000,111.3173,,,,,6081609601
386471.33,538.48583,412637.4,538.46155,797.9177,241.5641667,810.4197,223.5244,296428.6,400.1968,296428.6,400.1968,,,,,6081610000
311322.1167,360.7290833,298314.4,355.15465,404.88075,246.95985,404.88075,246.95985,200383.4333,243.2189333,141927,250.6069,872.7547,655.26605,872.7547,655.26605,6081610201
419162.825,1084.5483,341666.65,615.74075,571.2636375,339.876825,465.6838,313.06955,567624.675,1535.8231,598228.85,1539.83895,551.2267286,735.6584071,479.66105,344.3589,6081610202
295001.8333,121.9016333,294444.4,121.6713,610.9482,247.1088,610.9482,247.1088,306547.6,450.1140667,312500,471.6981,483.7799,418.6631,483.7799,418.6631,6081610203
328954.5333,438.1412667,311363.6,478.3163,,,,,320000,320,320000,320,,,,,6081610400
193036.8333,191.1065333,174943.8,195.7413,,,,,,,,,,,,,6081610500
291271.7167,567.1222667,287973.5,565.87055,,,,,384027.7667,668.1873667,350000,664.5455,458.3333,135.28135,458.3333,135.28135,6081610601
437021.8667,569.63655,411764.7,577.94495,,,,,430357.1333,580.5854333,397500,457.3192,,,,,6081610700
345344.85,452.6796625,334722.2,418.018,759.56,256.0593,759.56,256.0593,400124.6833,348.45865,378571.4,306.5909,,,,,6081610900
369066.25,244.9989,378514.5,254.42715,,,,,289066.4,333.085425,316729.3,299.2975,,,,,6081611000
454347.8,275.746,454347.8,275.746,,,,,,,,,,,,,6081611100
416448.3167,343.3400667,393382.35,338.7791,740.26635,290.988,740.26635,290.988,401860.1333,368.3586667,423076.7,364.3518,183.6306,92.7914,183.6306,92.7914,6081611300
227030.0489,236.4018255,219650,223.7901,1084.24695,1207.0745,1084.24695,1207.0745,173686.9,164.4734,170731.7,166.5263,,,,,6081612100
571242.7667,524.2877667,650000,509.8039,949.3968,341.71414,1202.509,417.8586,352805.56,256.4054,330000,229.7257,844.001675,397.103375,907.83685,399.84255,6081612500
479927.2,379.5459,545500,342.7859,602.7969333,851.8561667,547.1125,1081.736,445892.85,493.96755,445892.85,493.96755,566.8375333,724.57195,510.0952,749.2912,6081612600
529707.8,596.7110667,492857.2,676.4706,491.8033,188.6792,491.8033,188.6792,,,,,,,,,6081612900
296840.2,287.35675,255000,208.6999,156.9635,82.3452,156.9635,82.3452,371104.2333,357.6687333,316400,224.189,,,,,6085500100
299358.96,335.45022,280833.3,305.383,143.2641333,83.7229,143.9618,86.5199,215117.55,171.8088,215117.55,171.8088,,,,,6085500200
253079.7,254.223925,245833.3,239.5492,314.28865,112.84905,314.28865,112.84905,,,,,,,,,6085500400
206708.6333,157.4254333,192307.7,137.1742,312.03045,163.91595,312.03045,163.91595,196594.4,321.7374,196594.4,321.7374,,,,,6085500500
237689.4,296.4086,237689.4,296.4086,244.25895,138.2482,244.25895,138.2482,,,,,156.0569,71.9199,156.0569,71.9199,6085500600
189666.65,793.6711,189666.65,793.6711,325.78945,1574.84852,357.51625,1012.21525,395199.4333,1731.350133,426709.4,1628.112,231.0139,564.0197333,224.7107,583.4794,6085500800
115384.6,173.0902,115384.6,173.0902,357.86238,929.33758,254.2207,678.4692,216540.4,556.06922,200000,317.1836,,,,,6085500901
287013.8833,403.4885167,291666.65,386.63015,361.5301636,879.1074091,309.201,574.0741,352951.5667,1152.199267,378151.3,1153.088,207.628,507.36635,207.628,507.36635,6085501000
371514.8667,390.9072333,316486.3,340.2647,174.4427,115.9591,174.4427,115.9591,222857.1,838.0564,222857.1,838.0564,,,,,6085501101
277777.8,396.6995,277777.8,396.6995,181.2908,126.0873,181.2908,126.0873,,,,,,,,,6085501200
238483.3667,320.4899667,222916.7,281.2541,256.0538,198.8185,256.0538,198.8185,248875.55,279.40675,248875.55,279.40675,,,,,6085501300
186567.2,122.9831,186567.2,122.9831,,,,,123000,113.8594,123000,113.8594,,,,,6085501401
269753.3776,369.823628,260000,385.6749,1350.135,689.4967,1350.135,689.4967,207070.5122,262.6858333,200000,270.794,,,,,6085501600
626760.6,3004.646,626760.6,3004.646,361.1123,826.0985,361.1123,826.0985,329059.8,883.8384,329059.8,883.8384,,,,,6085501700
231567.6267,225.5411,235742.7,182.2371,258.88186,107.29016,271.0282,105.8741,306171.5,263.135175,312482.3,219.86395,519.2755,212.5633,519.2755,212.5633,6085501900
353465.8667,464.1873333,291666.7,351.0884,209.9076,57.4012,209.9076,57.4012,338290.26,353.48394,300000,279.7165,,,,,6085502002
284611.1167,166.4733,278458.35,161.3594,507.3644,280.10555,507.3644,280.10555,255156.25,146.09495,265625,152.1362,397.7253333,212.5663667,398.5507,152.7383,6085502101
304241.1857,219.2754,288519.6,186.9035,427.926325,162.551475,291.4631,150.93875,229194.35,213.24195,229194.35,213.24195,204.9636667,103.8912333,217.0139,98.2617,6085502102
289858,206.1114333,290000,198.7225,216.8062,91.4827,216.8062,91.4827,266519.0714,231.1481429,258961,207.1715,,,,,6085502201
272738.1,145.6901,272738.1,145.6901,222.3103,96.61,222.3103,96.61,207500,396.9786,207500,396.9786,246.5223,107.1319,246.5223,107.1319,6085502202
404363.6,264.0076,404363.6,264.0076,168.558,104.8048,168.558,104.8048,,,,,189.9245,118.0899,189.9245,118.0899,6085502301
326785.7,311.0552,326785.7,311.0552,,,,,317596.9,374.642125,318375,381.03855,,,,,6085502500
467100.7,384.8105333,395952.4,269.4863,375.90912,298.14764,391.9325,279.8725,533542.2333,457.3983333,550595.3,530.877,327.094725,283.40505,331.05195,249.02155,6085502604
271666.7,339.5833,271666.7,339.5833,,,,,262921.35,260.77185,262921.35,260.77185,,,,,6085502701
248648.65,183.673,248648.65,183.673,,,,,307942.25,202.37,307942.25,202.37,,,,,6085503108
188970.6,269.2646,188970.6,269.2646,,,,,202027.86,297.80716,191262.1,219.0276,,,,,6085503112
172731.4833,219.63925,152708.35,206.36425,,,,,181787.0333,247.4575333,177777.8,247.8699,,,,,6085503113
320175.4,201.9096,320175.4,201.9096,,,,,421052.6,265.5249,421052.6,265.5249,,,,,6085503116
272727.3,127.5223,272727.3,127.5223,,,,,188104.8,96.8813,188104.8,96.8813,,,,,6085503118
309955.35,170.07195,309955.35,170.07195,,,,,,,,,,,,,6085503121
352468.4,239.4812,352468.4,239.4812,,,,,234848.5,159.5655,234848.5,159.5655,,,,,6085503315
216137.1,338.4127,216137.1,338.4127,,,,,,,,,,,,,6085503510
179487.2,425.7908,179487.2,425.7908,,,,,,,,,,,,,6085503602
358766.2333,166.1805333,314545.5,154.4643,122.6378,49.6354,122.6378,49.6354,356140.3,379.55345,356140.3,379.55345,,,,,6085503709
414851.5,307.3132,414851.5,307.3132,507.5,233.0119,507.5,233.0119,145833.35,380.5589,145833.35,380.5589,,,,,6085503710
249135.2667,257.7548333,246739.1,172.1829,290.3226,90,290.3226,90,289982.9667,453.2357667,295652.2,547.7422,,,,,6085503712
207321.425,200.8431,207142.85,201.1886,,,,,257894.7,133.1233,257894.7,133.1233,,,,,6085503902
228784.7,151.8701,228784.7,151.8701,,,,,,,,,,,,,6085504002
278273.85,126.26265,278273.85,126.26265,,,,,154666.7,83.7424,154666.7,83.7424,,,,,6085504319
360000,242.0338,360000,242.0338,,,,,,,,,,,,,6085504410
345312.5,122.1264,345312.5,122.1264,,,,,315750,95.0212,315750,95.0212,,,,,6085504412
333695.7,165.9167,333695.7,165.9167,,,,,364963.5,168.8003,364963.5,168.8003,,,,,6085504418
327152.2967,531.9970667,409084.7,659.7338,,,,,498422.7,947.0492,498422.7,947.0492,168.4129,57.5463,168.4129,57.5463,6085504505
309090.9,78.0533,309090.9,78.0533,,,,,,,,,,,,,6085504806
119801.6,67.9644,119801.6,67.9644,307.5643304,206.2380391,281.8464,130.2795,472222.2,267.8955,472222.2,267.8955,334.7708,186.8106182,309.648,122.6942,6085505001
292044.15,163.15315,292044.15,163.15315,473.2867,111.88435,473.2867,111.88435,,,,,187.363,92.733,187.363,92.733,6085505007
503236.3,683.36205,503236.3,683.36205,365.8575545,278.4909545,365,196.5812,343226.1,313.6981,343226.1,313.6981,321.4189,114.8775,321.4189,114.8775,6085505009
230000,211.2029,230000,211.2029,274.4768333,207.0396833,236.47205,151.3765,364255.3,1039.22895,364255.3,1039.22895,258.9480333,97.1597,249.2579,97.5666,6085505100
291979.175,226.531,298125,212.60425,333.4200688,159.8071188,316.7038,118.92355,264570.3286,192.7023714,256250,190.7923,293.6147625,136.4537438,302.10905,112.93235,6085505202
576612.9,615.5303,576612.9,615.5303,,,,,,,,,,,,,6085505302
223529.4,194.5127,223529.4,194.5127,,,,,342831.65,257.47405,334072.4,260.90055,,,,,6085505303
358333.35,253.94205,358333.35,253.94205,,,,,335910.45,227.71995,335910.45,227.71995,,,,,6085505305
367105.3,372.3813,367105.3,372.3813,,,,,,,,,,,,,6085505402
270613.35,225.47575,273044.9,220.3396,,,,,281731.8,157.08235,281731.8,157.08235,,,,,6085505403
363636.4,185.9254,363636.4,185.9254,,,,,,,,,,,,,6085505500
377500,331.1404,377500,331.1404,,,,,331395.3,248.7719,331395.3,248.7719,,,,,6085505600
271354.16,249.47784,299700,273.1864,261.324,286.9605,261.324,286.9605,258712.32,212.40644,250000,168.3502,,,,,6085505700
297688.1125,252.6973875,276730.75,279.3764,190.166,149.0035,190.166,149.0035,272103.12,227.52418,285714.3,172.1763,209.9994,137.3692,209.9994,137.3692,6085505900
400000,250.8711,400000,250.8711,,,,,,,,,,,,,6085506000
282048.1,199.7785,282048.1,199.7785,257.3069,104.7933,257.3069,104.7933,229204.2,1026.8098,229204.2,1026.8098,,,,,6085506202
276880.05,225.1828,276880.05,225.1828,322.0325,184.1442,322.0325,184.1442,260105.55,195.78695,260105.55,195.78695,,,,,6085506203
340001.74,336.97416,358000,312.3909,,,,,275555.6,332.9472,275555.6,332.9472,132.1353,77.0369,132.1353,77.0369,6085506301
311678.35,210.7513,311678.35,210.7513,225.35885,74.85565,225.35885,74.85565,,,,,167.1752,79.8557,167.1752,79.8557,6085506302
288197.1,342.184225,287934.35,215.3461,295.3313333,113.5013,308.9666,95.20965,196428.55,138.55345,196428.55,138.55345,273.91525,111.024,273.91525,111.024,6085506304
292048.4333,204.1362667,314062.5,212.9237,423.8689,167.6487,423.8689,167.6487,215290.175,124.25625,207142.85,123.90075,241.9076,211.4463,241.9076,211.4463,6085506305
272750,335.83176,221875,285.0877,502.23,375.0967,506.7568,340.0837,159916.175,172.00465,149108.65,168.16455,292.9471,217.93725,292.9471,217.93725,6085506401
245442.025,205.95235,223219.9,213.7782,328.2478,79.4518,328.2478,79.4518,,,,,243.0556,77.5709,243.0556,77.5709,6085506402
203644.8667,216.7604333,220170.75,205.043,242.0713,111.0296,242.0713,111.0296,213414.6,200.8724,213414.6,200.8724,420.9935,193.0949,420.9935,193.0949,6085506501
333927.6429,252.7709429,368421.1,252.4121,,,,,300246.02,152.92698,266666.7,121.2395,,,,,6085506503
300000,265.8662,300000,265.8662,326.3331667,167.1180667,297.3536,185.2059,,,,,,,,,6085506601
475000,199.9158,475000,199.9158,,,,,,,,,,,,,6085506603
313406.85,182.12615,313406.85,182.12615,,,,,333333.3,266.6667,333333.3,266.6667,,,,,6085506604
560000,243.4783,560000,243.4783,,,,,166666.7,150.5416,166666.7,150.5416,,,,,6085506606
479347.85,230.09015,479347.85,230.09015,619.7107667,139.4716,476.6747,169.8015,347038.24,179.9318,348611.1,194.6687,364.729725,132.630775,367.46455,109.21215,6085506801
531250,352.3462,531250,352.3462,381.2901667,169.7332667,429.0793,200.7648,333393.625,235.8177,318096.75,231.42105,608.3427,140.4457,572.999,148.71415,6085507100
625000,227.8735,625000,227.8735,,,,,,,,,,,,,6085507703
413359.4,237.2361,413359.4,237.2361,,,,,,,,,,,,,6085507808
426465,271.95245,426465,271.95245,,,,,181788.62,132.1795,181788.62,132.1795,251.8451,150.2556,251.8451,150.2556,6085507905
381072.5,335.76205,381072.5,335.76205,484.0916,286.9614,484.0916,286.9614,300000,257.5646,300000,257.5646,,,,,6085508004
449036.55,179.53805,449036.55,179.53805,543.6331,183.7845,531.0773,216.48935,,,,,313.0054,89.6868,313.0054,89.6868,6085508101
333422.6333,234.8596,312500,228.6585,,,,,,,,,,,,,6085508202
161428.6,177.6797,161428.6,177.6797,,,,,147839.4,87.3979,147839.4,87.3979,,,,,6085508203
500000,281.1042,500000,281.1042,,,,,,,,,,,,,6085508204
329837.5,258.5053,355000,250.08395,,,,,321210.2667,191.7000333,282500,192.1769,,,,,6085508304
341235.4,232.1677,341235.4,232.1677,511.63875,134.98015,511.63875,134.98015,485034,330.0046,485034,330.0046,,,,,6085508401
366875.5,237.46395,401251,232.36805,,,,,224285.18,171.14476,254838.7,174.578,,,,,6085508503
155507.2,134.1084,155507.2,134.1084,,,,,327277.2,235.5234625,337438.6,242.75805,,,,,6085508504
381862.8,298.0563,381862.8,298.0563,,,,,309191.2,183.2698333,268750,130.2529,,,,,6085508505
403232.15,303.72575,403232.15,303.72575,,,,,368518.5,162.0007,368518.5,162.0007,,,,,6085508507
169523.8,253.8086,169523.8,253.8086,323.7613,105.6015,323.7613,105.6015,,,,,,,,,6085508601
618810.8,906.83975,618810.8,906.83975,456.45564,527.42738,356.4223,108.8471,571632.3,894.0173,571632.3,894.0173,,,,,6085508602
374915.1,257.271425,328250,244.84695,349.3602735,142.8127176,284.1087,113.95585,322529.725,184.014425,286363.8,197.5658,359.08461,226.94633,290.43585,95.75015,6085508704
352380.9,201.0105,352380.9,201.0105,,,,,394166.7,209.2217,394166.7,209.2217,,,,,6085508800
214655.15,137.4099,214655.15,137.4099,,,,,243333.3333,157.7681333,235000,144.7044,,,,,6085508900
306199.1667,521.06555,321538.7,246.89205,493.8852,172.868,493.8852,172.868,281300.8,205.0490667,250000,189.7263,,,,,6085509000
505223.4333,497.0916667,440843.8,326.6417,561.5946,266.9603,492.1812,252.4577,300176.88,140.56672,311111.1,139.7373,,,,,6085509105
270173.85,206.3349,241543.35,199.42585,,,,,517628.2,229.4264,517628.2,229.4264,,,,,6085509106
386748.5923,244.5806846,403196.7,260.0785,,,,,339683.3571,219.4993,285714.3,210.4377,,,,,6085509107
400885.75,278.62605,402684.15,264.4015,535.1081714,250.9574095,568.158,222.5303,215625,209.894675,237500,198.36075,428.72108,196.98556,270.2703,98.8576,6085509108
316694.075,166.64075,213882.4,130.75075,725.6095125,463.329625,536.9743,200.22975,,,,,,,,,6085509201
458321.4,225.2985,458321.4,225.2985,622.4619,224.5497,622.4619,224.5497,210190.89,123.18215,250000,137.57605,,,,,6085509202
550000,203.7037,550000,203.7037,306.6667,195.5583,306.6667,195.5583,,,,,729.3355,306.0912,729.3355,306.0912,6085509302
513826.9556,205.8175222,494333.3,193.2338,,,,,372117.5571,179.0233857,380263.2,158.3239,,,,,6085509303
476315.8,321.5014,476315.8,321.5014,308.1999375,99.6126125,304.9358,105.24295,264302.1,115.8129,264302.1,115.8129,447.05684,192.92984,422.4709,194.2647,6085509304
414684.3857,455.3486143,416666.7,390.1786,669.0774,272.53635,669.0774,272.53635,504515.55,649.006975,470142.2,594.32615,,,,,6085509401
380844.8222,275.1466,346153.8,256.952,,,,,263940.925,218.919225,281730.75,198.65085,,,,,6085509403
336071.4,284.53445,336071.4,284.53445,420.479,142.2698,420.479,142.2698,497727.3,555.21955,497727.3,555.21955,,,,,6085509404
372404.0833,290.4930667,362625,290.42615,,,,,297426.16,242.72212,261111.1,251.2563,,,,,6085509500
335773.8,203.8506,327500,232.86395,,,,,413149.35,139.4712,413149.35,139.4712,,,,,6085509700
412388.9,370.3654333,387500,315,612.9848,218.1528,612.9848,218.1528,404588.8,543.1854,352941.2,306.0912,308.8667,94.807,308.8667,94.807,6085509801
685468.55,779.76405,685468.55,779.76405,566.23505,318.552075,603.83385,331.2115,299401.2,446.632,299401.2,446.632,,,,,6085510400
465081.6,323.0012167,507745.1,305.1784,975,426.3413,975,426.3413,284289.475,222.033375,291276.3,228.5288,,,,,6085510700
429761.9,207.1855,429761.9,207.1855,688.9242,209.6774,688.9242,209.6774,451190.5,217.5161,451190.5,217.5161,,,,,6085510900
530000,272.8078,530000,272.8078,,,,,493881.5333,1228.0047,503333.3,260.5192,,,,,6085511000
242990.7,301.2282,242990.7,301.2282,706.0289,402.7882,706.0289,402.7882,,,,,,,,,6085511100
704166.7,375.5556,704166.7,375.5556,,,,,,,,,,,,,6085511200
346977.8,723.6935,346977.8,723.6935,1246.547373,2113.892355,1120.839,2046.059,539879.48,1272.55506,492500,619.469,774.9868588,1543.699376,739.4435,1181.602,6085511302
533333.3,457.9934,533333.3,457.9934,837.26652,1005.969053,797.1429,838.2743,388605.3,449.0115,388605.3,449.0115,637.2,998.7299333,539.76825,953.0371,6085511500
370370.4,647.22465,370370.4,647.22465,,,,,,,,,,,,,6085512019
355652.3,154.7549,355652.3,154.7549,,,,,379868.15,678.70495,379868.15,678.70495,,,,,6085512020
380050.5,287.917,380050.5,287.917,309.648,81.3769,309.648,81.3769,,,,,,,,,6085512027
288318.7667,487.2608333,323850,351.8021,,,,,,,,,,,,,6085512036
175174.8,125.9734,175174.8,125.9734,,,,,192307.7,138.2942,192307.7,138.2942,,,,,6085512042
200000,101.8182,200000,101.8182,,,,,126800.01,51.954425,125344.85,41.11135,,,,,6085512043
365509.3,362.4885,365509.3,362.4885,,,,,,,,,,,,,6085512052
288768.1,152.4717,288768.1,152.4717,,,,,271756.95,119.1387,271756.95,119.1387,149.8127,62.0455,149.8127,62.0455,6085512313
197867,86.8353,197867,86.8353,,,,,104864.9,34.2587,104864.9,34.2587,,,,,6085512506
155681.8,120.9649,155681.8,120.9649,247.0588333,301.3128667,229.4118,279.7905,286458.3333,160.8774,265625,185.6803,,,,,6085512603
98039.22333,43.85276667,83823.53,37.4941,,,,,,,,,,,,,6095250200
110426.47,461.88215,110426.47,461.88215,,,,,188157.9,109.0646,188157.9,109.0646,,,,,6095250900
208333.3,238.0952,208333.3,238.0952,,,,,,,,,,,,,6095251000
121984.8275,67.178525,121793.75,65.5667,,,,,,,,,,,,,6095251400
110618.265,70.0169,110618.265,70.0169,100.7151,19.1042,100.7151,19.1042,,,,,167.8585,31.8404,167.8585,31.8404,6095251802
157807.5,52.6947,157807.5,52.6947,,,,,,,,,,,,,6095251901
129972.2,52.7524,129972.2,52.7524,,,,,140000,79.652,140000,79.652,,,,,6095252313
191098.5,87.3436,191098.5,87.3436,,,,,109375,58.3648,109375,58.3648,,,,,6095252314
201886.8,81.472,201886.8,81.472,,,,,,,,,,,,,6095252316
264375,136.38685,264375,136.38685,149.1026,40.66106667,130.4663,37.1901,288500,148.8326,288500,148.8326,,,,,6095252401
122347.8,85.5033,122347.8,85.5033,,,,,,,,,224.5061,0.0037,224.5061,0.0037,6095252501
141212.1333,70.3145,133636.4,69.2949,199.3885,32.4256,199.3885,32.4256,,,,,,,,,6095252604
145053.952,110.78472,142105.3,81.1734,,,,,,,,,,,,,6095252605
110314.8,77.71318333,108655.75,80.91275,592.0115,33.1202,592.0115,33.1202,,,,,,,,,6095252606
111111.1,54.9451,111111.1,54.9451,,,,,128500,54.3021,128500,54.3021,,,,,6095252607
75291.63,29.3027,75291.63,29.3027,,,,,159196.7,61.04715,159196.7,61.04715,,,,,6095252608
106250,60.4405,106250,60.4405,,,,,,,,,,,,,6095252611
149364.55,75.1548,149364.55,75.1548,,,,,163041.7,82.0366,163041.7,82.0366,,,,,6095252704
223195.9,123.79,223195.9,123.79,,,,,205750,95.34125,205750,95.34125,,,,,6095252908
91304.35,25.3734,91304.35,25.3734,,,,,175000,79.7512,175000,79.7512,,,,,6095252910
99517.54333,35.4015,103906.3,36.8751,,,,,195044.64,86.93372,188452.4,97.8769,,,,,6095253105
173148.1,84.5098,173148.1,84.5098,,,,,,,,,,,,,6095253106
125103.844,60.73056,97368.42,49.1551,,,,,154861.95,81.5477,154861.95,81.5477,,,,,6095253107
130952.4,86.4923,130952.4,86.4923,110.9296,42.7656,110.9296,42.7656,,,,,,,,,6095253203
136273.45,64.745775,132076.7,66.1178,590.43655,159.01815,590.43655,159.01815,,,,,,,,,6095253204
110902.8167,83.04733333,100990.1,46.6454,,,,,127777.8,59.662,127777.8,59.662,,,,,6095253404
171632,77.073525,172500,70.0517,363.8755,260.18365,363.8755,260.18365,212500,122.94885,212500,122.94885,422.5203,216.4619,422.5203,216.4619,6097150204
216220.95,95.7193,216220.95,95.7193,,,,,,,,,,,,,6097150305
35256.41,10.7917,35256.41,10.7917,,,,,284285.6667,122.7009667,267857,71.5797,,,,,6097150603
293699.2,102.9247,293699.2,102.9247,,,,,,,,,,,,,6097150611
269233.6,200.971,269233.6,200.971,150.2802,79.6737,150.2802,79.6737,265217.4,195.8583,265217.4,195.8583,226.2924,470.1779,226.2924,470.1779,6097150701
76442.3,553.0512,76442.3,553.0512,,,,,121127.15,401.4576,121127.15,401.4576,,,,,6097150901
204228.7,103.2049,204228.7,103.2049,,,,,185000,61.2974,185000,61.2974,,,,,6097151203
222982.0333,105.9073333,223529.4,97.6763,,,,,,,,,,,,,6097151204
184396.278,94.49704,197409.1,86.9381,,,,,407714.3,214.1132,407714.3,214.1132,,,,,6097151301
171372.26,47.9728,204228.7,43.3041,113.78415,29.7125,133.03705,35.15165,175593.9875,135.8670125,159203.8,64.01265,178.125,40.8919,178.125,40.8919,6097151305
240025.2667,95.99756667,244318.2,92.6566,,,,,,,,,,,,,6097151306
283856.8,122.95105,283856.8,122.95105,,,,,160550.21,74.6701,157638.9,56.3852,,,,,6097151402
189620.4,213.6441333,193437.5,145.0056,,,,,165376.2543,70.71458571,156250,70.8868,321.1009,69.8686,321.1009,69.8686,6097151700
188815.75,132.83495,188815.75,132.83495,275.9812,63.07815,275.9812,63.07815,,,,,,,,,6097151800
207142.85,203.8005,207142.85,203.8005,,,,,,,,,,,,,6097151900
152033.3,80.5432,152033.3,80.5432,307.5568455,253.1328818,237.2168,175.7195,266764.12,583.98628,282658.2,468.3196,212.5482333,198.5452667,202.3004,208.6998,6097152000
108695.6,112.5315,108695.6,112.5315,259.2680333,73.62506667,176.5936,88.0559,179656.8667,186.5299667,176470.6,189.0563,,,,,6097152100
218764.8,162.2491,221153.8,147.437,,,,,151839.8,192.0836,151839.8,192.0836,,,,,6097152201
161562.5,73.82025,161562.5,73.82025,,,,,212545.0333,111.0157333,187500,100.5416,,,,,6097152202
330000,134.0837,330000,134.0837,78.7639,35.6031,78.7639,35.6031,213475.2,121.2282,213475.2,121.2282,314.8479,420.8754,314.8479,420.8754,6097152203
197857.1667,77.53333333,208571.4,77.0365,,,,,197368.4,88.0695,197368.4,88.0695,,,,,6097152502
164350.3975,132.45655,176710.5,127.6031,,,,,99441.52714,72.53152857,104875,61.8934,,,,,6097152802
230769.2,79.0102,230769.2,79.0102,,,,,237357.4,95.117725,234407.25,91.7841,,,,,6097152905
188558.2,94.38143333,174285.7,100.8998,141.76215,96.247,141.76215,96.247,266180.0778,175.6094111,217333.3,171.2402,207.5335,95.6526,207.5335,95.6526,6097153001
112946.4,61.5266,112946.4,61.5266,150.75645,302.049575,155.1162,47.36165,,,,,,,,,6097153002
205574.9,101.1542,205574.9,101.1542,,,,,,,,,,,,,6097153003
168437.5,122.3392,168437.5,122.3392,119.4006,40.4216,119.4006,40.4216,,,,,,,,,6097153006
148863.6,57.8336,148863.6,57.8336,,,,,,,,,,,,,6097153102
97812.73,71.4902,81818.18,61.9835,92.8259,24.1449,92.8259,24.1449,181774.6,88.89165,164801.9,89.629,,,,,6097153104
221875,120.8778,221875,120.8778,,,,,277777.8,152.9239,277777.8,152.9239,,,,,6097153809
165805.9,60.06295,165805.9,60.06295,,,,,304761.9,193.8337,304761.9,193.8337,,,,,6097153902
,,,,198.0983,400.2134,198.0983,400.2134,126725.9,83.6249,126725.9,83.6249,,,,,6001401700
,,,,399.9016,307.7652,399.9016,307.7652,,,,,,,,,6001404502
,,,,105.0102,42.0227,105.0102,42.0227,,,,,192.1543,77.8198,192.1543,77.8198,6001408600
,,,,194.91335,68.45545,194.91335,68.45545,,,,,,,,,6001410000
,,,,239.993625,186.375575,217.5455,147.339,517241.4,1204.819,517241.4,1204.819,219.0084,348.21048,217.0677,193.129,6001422000
,,,,654.2056,225.77,654.2056,225.77,392156.9,571.4286,392156.9,571.4286,,,,,6001422100
,,,,104.4309,192.9286,104.4309,192.9286,,,,,154.6551,285.7143,154.6551,285.7143,6001423901
,,,,609.9129,606.9914,609.9129,606.9914,180645.15,302.4856,180645.15,302.4856,,,,,6001428100
,,,,173.47785,49.29545,178.80115,41.38735,,,,,,,,,6001428301
,,,,161.555,68.33796667,126.419,54.8724,,,,,128.999,55.9923,128.999,55.9923,6001428700
,,,,207.656,78.46525,207.656,78.46525,,,,,,,,,6001431000
,,,,275.1328,151.6222,275.1328,151.6222,208997.275,165.7545,211538.45,190.37275,,,,,6001432502
,,,,123.994,32.3494,123.994,32.3494,,,,,139.5845,121.1057,139.5845,121.1057,6001437000
,,,,183.9511,32.1281,183.9511,32.1281,,,,,,,,,6001438000
,,,,165.82705,223.743,165.82705,223.743,,,,,,,,,6001440301
,,,,225.70825,96.50975,225.70825,96.50975,269788.8,152.2129,276631.45,158.867,,,,,6001441927
,,,,164.895525,56.18475,174.6406,42.49815,,,,,200.6823,103.2823,200.6823,103.2823,6001444602
,,,,250.9336286,117.3140429,210.5152,118.0638,,,,,187.37405,94.94045,187.37405,94.94045,6001450602
,,,,226.4157,73.50075,203.01645,79.8233,,,,,189.2715,84.4753,199.3657,97.8277,6001450603
,,,,270.9044,61.4356,270.9044,61.4356,,,,,,,,,6001450746
,,,,114.2901,15.3046,114.2901,15.3046,338571.45,233.17285,338571.45,233.17285,222.8630333,75.15933333,273.1714,104.3547,6001451602
,,,,226.4528083,326.117675,229.1018,234.4594,,,,,145.71295,78.49165,145.71295,78.49165,6001983200
,,,,107.1472,64.8147,107.1472,64.8147,,,,,98.6717,59.6878,98.6717,59.6878,6013307204
,,,,145.4869158,85.05455789,158.6171,59.5921,240000,102.3745,240000,102.3745,169.97675,53.19323333,176.8907,46.21855,6013327000
,,,,154.46465,78.7209,154.46465,78.7209,,,,,,,,,6013337300
,,,,169.2030538,83.066,122.1357,41.3597,,,,,218.94436,83.1623,178.508,64.2923,6013338201
,,,,530.7664,150.111725,417.5704,117.07885,,,,,,,,,6013338301
,,,,376.2443,159.0718,376.2443,159.0718,163983,0.0029,163983,0.0029,,,,,6013343001
,,,,215.8115,123.2084333,229.2777,136.5284,,,,,,,,,6013345105
,,,,187.7139,67.458275,195.2064,62.92995,239623.2,152.4083,239623.2,152.4083,160.6745,78.92345,160.6745,78.92345,6013345108
,,,,269.15445,119.9755333,191.08995,71.89385,230769.2,108.272,230769.2,108.272,231.602,58.3361,231.602,58.3361,6013345202
,,,,310.2268,185.0552,310.2268,185.0552,,,,,,,,,6013346204
,,,,436.7011,164.59255,436.7011,164.59255,,,,,,,,,6013353002
,,,,606.2446,215.1034,606.2446,215.1034,,,,,,,,,6013355109
,,,,264.2065667,214.5329333,280.8989,222.3944,,,,,363.49825,391.0506,363.49825,391.0506,6013355113
,,,,179.8349,65.1549,179.8349,65.1549,155304.5,113.1775,155304.5,113.1775,,,,,6013359103
,,,,252.9637,115.2696,252.9637,115.2696,164271.8,175.617,164271.8,175.617,259.7482,120.4529,259.7482,120.4529,6013380000
,,,,114.2647,35.5831,114.2647,35.5831,,,,,221.1574,68.8705,221.1574,68.8705,6013392300
,,,,261.9382,143.8688,261.9382,143.8688,273464.4,145.7057,273464.4,145.7057,,,,,6041103200
,,,,249.53825,119.38065,249.53825,119.38065,250000,48.9746,250000,48.9746,35.6864,6.8475,35.6864,6.8475,6041104102
,,,,244.371875,62.888925,239.29435,43.0508,,,,,263.94815,80.7836,263.94815,80.7836,6041108100
,,,,371.3467,89.6387,371.3467,89.6387,148517.99,97.86065,148517.99,97.86065,,,,,6041112100
,,,,481.9721,1102.776967,510.391,232.1144,488285.1,610.7626,488285.1,610.7626,319.4598333,140.0620333,322.9216,151.2131,6041121200
,,,,380.06148,232.03984,372.8224,221.1494,418431.4,796.5203667,461176.5,819.8872,211.01995,142.2746,211.01995,142.2746,6041130202
,,,,337.4836,190.6842,337.4836,190.6842,147058.8,68.7331,147058.8,68.7331,,,,,6055200201
,,,,483.3385667,278.3902333,519.4441,188.5062,205882.4,283.6535,205882.4,283.6535,,,,,6055200202
,,,,292.1414,573.9116,292.1414,573.9116,,,,,365.9819,922.4259667,343.4748,904.3478,6055200503
,,,,247.3376,120.1408,247.3376,120.1408,138461.5,79.9787,138461.5,79.9787,,,,,6055200602
,,,,337.6848,81.1407,337.6848,81.1407,36918.75,7.6614,36918.75,7.6614,227.2899,81.0241,227.2899,81.0241,6055201601
,,,,281.79255,98.3728,281.79255,98.3728,,,,,410.3833,1448.90875,410.3833,1448.90875,6055201602
,,,,713.3947667,1619.357567,561.0219,1110.289,419580.4,2055.836,419580.4,2055.836,634.4097333,1135.559667,675.3761,1110.289,6075017700
,,,,389.63555,564.07145,389.63555,564.07145,,,,,,,,,6075030900
,,,,556.74145,98.5068,556.74145,98.5068,,,,,,,,,6075980900
,,,,342.0189333,295.3171,310.2981,304.4128,,,,,,,,,6081600600
,,,,124.6261,300,124.6261,300,,,,,,,,,6081601200
,,,,562.7292,892.75805,562.7292,892.75805,238750,222.577,238750,222.577,,,,,6081601603
,,,,337.8397,223.4545667,379.2083,236,,,,,671.8062,538.5838,671.8062,538.5838,6081601604
,,,,414.45302,235.01286,393.98345,215.3526,318750,318.3521,318750,318.3521,660.0441,1760.459,660.0441,1760.459,6081602300
,,,,351.804575,307.83465,349.6699,265.0735,299864.8,432.6941,299864.8,432.6941,461.1412,748.5926,461.1412,748.5926,6081605000
,,,,729.5707333,1013.883017,780.20905,683.1452,237500,277.7778,237500,277.7778,637.974175,1090.14435,653.2831,579.28805,6081606300
,,,,439.1253,351.815775,483.42585,312.3121,,,,,312.79515,256.9262667,331.55165,211.6144,6081606600
,,,,379.17808,164.75864,364.0482,163.883,,,,,,,,,6081606700
,,,,518.521,178.6981,518.521,178.6981,,,,,,,,,6081606800
,,,,471.11535,185.1271,471.11535,185.1271,527735.9,464.1707,527735.9,464.1707,354.922,117.712,354.922,117.712,6081608200
,,,,422.9185875,194.4010375,432.6128,178.95775,,,,,1166.402,1151.172,1166.402,1151.172,6081609100
,,,,490.7797333,302.4220222,511.4825,268.0681,,,,,403.4515,145.9719,414.8821,112.1906,6081610304
,,,,145.5556,60.1469,145.5556,60.1469,,,,,170,70.2479,170,70.2479,6081611800
,,,,1632.553333,585.0059,1802.632,538.7833,454545.5,175.6913,454545.5,175.6913,342.6566,93.58623333,333.2223,101.7888,6081613000
,,,,1051.4405,371.2334,1038.2511,379.60325,288888.9,266.3552,288888.9,266.3552,984.456,419.4038,984.456,419.4038,6081613900
,,,,598.9521,321.2650333,598.1848,414.2857,,,,,,,,,6085500300
,,,,358.283725,181.4663,322.16945,174.5702,196657.4,342.8895667,191666.7,342.2222,306.21045,219.38675,306.21045,219.38675,6085502001
,,,,417.5977,141.15545,417.5977,141.15545,,,,,,,,,6085502601
,,,,381.1944,114.7866,381.1944,114.7866,,,,,486.7412,152.4858,486.7412,152.4858,6085502603
,,,,295.7574,120.41345,295.7574,120.41345,245396.8,199.62635,245396.8,199.62635,166.5,81.7612,166.5,81.7612,6085502702
,,,,262.8445,78.9919,262.8445,78.9919,358681.3,231.5386,358681.3,231.5386,,,,,6085502901
,,,,216.5945,123.9512,216.5945,123.9512,,,,,,,,,6085502908
,,,,271.76685,66.65925,271.76685,66.65925,,,,,,,,,6085503002
,,,,203.9706,79.3336,203.9706,79.3336,,,,,,,,,6085503003
,,,,302.3156,89.6652,302.3156,89.6652,254386,211.56605,254386,211.56605,,,,,6085503122
,,,,727.1926,75.7576,727.1926,75.7576,240625,136.9113,240625,136.9113,,,,,6085503123
,,,,180.446,55.1711,180.446,55.1711,,,,,,,,,6085503211
,,,,348.6143,154.4879,348.6143,154.4879,,,,,,,,,6085503217
,,,,826.5166,15.3231,826.5166,15.3231,222353.2667,123.566,207547.2,115.382,,,,,6085503304
,,,,678.7835,278.313,678.7835,278.313,,,,,,,,,6085503325
,,,,256.255,130.1603,256.255,130.1603,,,,,,,,,6085503336
,,,,728.2168,214.26455,728.2168,214.26455,,,,,,,,,6085503506
,,,,164.9969667,51.05148333,151.2766,50.10585,,,,,,,,,6085504318
,,,,184.1634857,75.11414286,152.5,60.9524,,,,,,,,,6085504322
,,,,191.0147,60.6516,191.0147,60.6516,,,,,,,,,6085504411
,,,,171.735,81.4501,171.735,81.4501,,,,,199.7245,58.6564,199.7245,58.6564,6085504414
,,,,228.604125,50.7031375,171.5903,49.87285,200774.5,238.52965,204311.2,139.99305,153.73815,55.508375,158.42645,52.6858,6085504504
,,,,210,65.0248,210,65.0248,340909.1,200.6582,340909.1,200.6582,322.9146,99.9879,322.9146,99.9879,6085504506
,,,,171.0383,53.6502,171.0383,53.6502,,,,,,,,,6085504802
,,,,322.241925,114.900975,353.717,126.71755,752021.5,666.7582,752021.5,666.7582,658.223,281.3737,658.223,281.3737,6085504803
,,,,276.5281529,123.4132809,250.7107,106.7696,446925.7375,519.971475,457565.7,606.7006,242.9055,105.8059647,229.1667,122.5666,6085505006
,,,,289.4113571,99.27934286,258.0274,90.8708,467787.4143,908.6213143,467991.6,871.95,350.57435,155.92575,350.57435,155.92575,6085505008
,,,,279.1971,154.0525,279.1971,154.0525,,,,,,,,,6085505800
,,,,320.1913,85.8988,320.1913,85.8988,,,,,,,,,6085506103
,,,,541.1765,153.3333,541.1765,153.3333,,,,,,,,,6085506204
,,,,305.10975,123.545175,282.64115,111.0743,300000,215.7963,300000,215.7963,320.01314,141.36474,333.3556,114.7852,6085506502
,,,,324.7052333,110.4270667,275.2554,76.8051,,,,,97.3913,37.9049,97.3913,37.9049,6085506703
,,,,545.641,186.52055,545.641,186.52055,,,,,,,,,6085506802
,,,,351.8777,154.2193,351.8777,154.2193,146000,50.0257,146000,50.0257,,,,,6085507402
,,,,628.4098,142.7916,628.4098,142.7916,,,,,,,,,6085507500
,,,,395.254625,152.956925,412.2833,175.4182,,,,,,,,,6085507701
,,,,591.8911,259.7368,591.8911,259.7368,185185.2,129.1524,185185.2,129.1524,,,,,6085507805
,,,,697.9032,510.40865,697.9032,510.40865,101744.2,150.1849,101744.2,150.1849,392.27948,208.43272,386.2868,184.6625,6085507806
,,,,598.73455,308.3988,598.73455,308.3988,403972.9,0.0038,403972.9,0.0038,445.3831,383.924525,446.24865,148.89085,6085508001
,,,,617.9215,253.5036833,644.4864,251.91655,384502.9,232.2173,384502.9,232.2173,445.1658333,513.8079667,374.8533,158.6109,6085508102
,,,,336.3213,103.6301,336.3213,103.6301,,,,,,,,,6085508404
,,,,330.8821,120.67775,330.8821,120.67775,431818.2,234.5054,431818.2,234.5054,,,,,6085508703
,,,,502.6646129,207.4450323,478.6096,161.5587,,,,,457.3196,225.09482,334.8148,201.5723,6085509102
,,,,550.8163429,205.3838857,563.6364,222.3944,,,,,546.210375,199.2939,553.52005,196.7335,6085509109
,,,,925.48265,1115.40352,780.3891,794.22655,327130.7,393.9781,327130.7,393.9781,649.6442625,1204.075925,561.1569,1278.0735,6085509600
,,,,958.3333,303.4525,958.3333,303.4525,216666.7,141.9446,216666.7,141.9446,,,,,6085509802
,,,,552.09955,179.45845,552.09955,179.45845,,,,,408.32695,70.963,408.32695,70.963,6085509901
,,,,517.63765,217.02135,517.63765,217.02135,,,,,,,,,6085509902
,,,,796.1155,181.359125,872.9455,184.57785,,,,,457.4478,174.9093,457.4478,174.9093,6085510001
,,,,780.3943,225.6175,780.3943,225.6175,,,,,,,,,6085510002
,,,,860.04705,387.8589667,863.56755,460.0379,272727.3,165.92,272727.3,165.92,644.7013333,608.25285,570.36505,585.45035,6085510300
,,,,515.6758,230.9397,515.6758,230.9397,240740.7,37.1655,240740.7,37.1655,445.7073,87.6223,445.7073,87.6223,6085510500
,,,,984.73205,501.88765,984.73205,501.88765,500223.55,405.1281,500223.55,405.1281,,,,,6085510600
,,,,481.1401,220.7030917,437.171,187.0191,,,,,635.324,324.6422,635.324,324.6422,6085510801
,,,,1385.379,617.7467333,1372.24,409.4118,650000,520,650000,520,643.8822333,1570.489667,642.9911,557.6813,6085511301
,,,,416.8301,165.3697,416.8301,165.3697,,,,,142.6849,60.14525,142.6849,60.14525,6085511905
,,,,310.49622,114.76464,209.3768,84.2487,,,,,87.0834,30.6091,87.0834,30.6091,6085512001
,,,,306.4663,100.6428,306.4663,100.6428,,,,,,,,,6085512023
,,,,227.0552545,106.2573545,198.4801,87.3831,,,,,264.63265,95.1881,264.63265,95.1881,6085512032
,,,,151.4163,58.4702,151.4163,58.4702,377291.05,407.57545,377291.05,407.57545,,,,,6085512033
,,,,389.8917,130.2869,389.8917,130.2869,,,,,,,,,6085512047
,,,,141.86965,50.57545,141.86965,50.57545,,,,,,,,,6085512310
,,,,179.0643667,51.2401,161.1859,48.8072,46958.33,18.061,46958.33,18.061,150.2673667,40.4466,164,48.7689,6085512311
,,,,323.1644,120.2212,323.1644,120.2212,178571.4,151.8372,178571.4,151.8372,,,,,6085512314
,,,,404.16585,105.7764,404.16585,105.7764,146464.6,241.2134,146464.6,241.2134,527.1944,153.0456,527.1944,153.0456,6095250105
,,,,206.1177,60.1833,206.1177,60.1833,,,,,168.1254,49.0901,168.1254,49.0901,6095250701
,,,,141.1765,39.1681,141.1765,39.1681,,,,,,,,,6095252105
,,,,274.6431,47.0671,274.6431,47.0671,94310.26667,55.3208,88333.34,56.8314,,,,,6095252911
,,,,254,92.0291,254,92.0291,,,,,,,,,6095252912
,,,,291.1275667,63.76056667,218.1902,45.06,,,,,177.7949,36.7177,177.7949,36.7177,6097150609
,,,,183.3887,61.753675,156.1318,56.9325,,,,,326.8664667,146.3958,193.7984,88.2955,6097151308
,,,,295.1574,39.9098,295.1574,39.9098,,,,,,,,,6097152801
,,,,176.2086,45.9137,176.2086,45.9137,,,,,,,,,6097153806
,,,,,,,,396875,330.5627,396875,330.5627,,,,,6001400800
,,,,,,,,218235.3,742,218235.3,742,,,,,6001401000
,,,,,,,,268888.9,543.8202,268888.9,543.8202,,,,,6001405600
,,,,,,,,156015.5333,287.6216667,161538.5,301.3085,,,,,6001407000
,,,,,,,,114285.7,387.8788,114285.7,387.8788,,,,,6001407400
,,,,,,,,225000,153.8462,225000,153.8462,,,,,6001408400
,,,,,,,,116000,128.8889,116000,128.8889,,,,,6001408500
,,,,,,,,250000,512.8205,250000,512.8205,,,,,6001409800
,,,,,,,,533081.3,1653.513,533081.3,1653.513,,,,,6001410400
,,,,,,,,332222.2,149.499,332222.2,149.499,,,,,6001421500
,,,,,,,,226315.8,318.5185,226315.8,318.5185,,,,,6001421800
,,,,,,,,85365.85,560,85365.85,560,216.9177,182.9208,216.9177,182.9208,6001422300
,,,,,,,,403418.8,808.9673,333333.3,748.8479,,,,,6001423300
,,,,,,,,151447.9333,224.8678333,156250,230.2026,,,,,6001423400
,,,,,,,,177083.3,425,177083.3,425,249.747,382.3293,249.747,382.3293,6001423601
,,,,,,,,194285.7,234.4828,194285.7,234.4828,,,,,6001427200
,,,,,,,,171799.5,272.3221,171799.5,272.3221,,,,,6001432501
,,,,,,,,156862.8,122.4365,156862.8,122.4365,,,,,6001433102
,,,,,,,,212901.6,181.4311,212901.6,181.4311,,,,,6001433200
,,,,,,,,296341.5,173.7303,296341.5,173.7303,,,,,6001433400
,,,,,,,,304545.5,224.6675,304545.5,224.6675,,,,,6001433600
,,,,,,,,214285.6,235.8167,214285.6,235.8167,,,,,6001434000
,,,,,,,,210144.9,119.7387,210144.9,119.7387,,,,,6001435102
,,,,,,,,223913,179.9976,223913,179.9976,,,,,6001435700
,,,,,,,,241758.2,208.3471,241758.2,208.3471,,,,,6001436100
,,,,,,,,127281.65,112.1502,127281.65,112.1502,,,,,6001436500
,,,,,,,,183939.4,109.3814,183939.4,109.3814,,,,,6001437102
,,,,,,,,303000,173.4644,303000,173.4644,,,,,6001437900
,,,,,,,,152284.3,86.7548,152284.3,86.7548,,,,,6001441200
,,,,,,,,315447.8,138.6265,315447.8,138.6265,,,,,6001441301
,,,,,,,,216036.5,148.73875,216036.5,148.73875,,,,,6001441401
,,,,,,,,230375.65,150.1631,230375.65,150.1631,,,,,6001441602
,,,,,,,,279186.6,177.7397,279186.6,177.7397,,,,,6001441921
,,,,,,,,494623.7,835.5585,494623.7,835.5585,,,,,6001442200
,,,,,,,,167770.4,103.4828,167770.4,103.4828,,,,,6001442601
,,,,,,,,233072.8,75.698,233072.8,75.698,,,,,6001442900
,,,,,,,,330035.3,173.1351,330035.3,173.1351,,,,,6001450200
,,,,,,,,316291.3333,190.6886667,327500,191.6619,,,,,6001450741
,,,,,,,,490000,195.9608,490000,195.9608,,,,,6001451404
,,,,,,,,320000,125.1313,320000,125.1313,,,,,6001451703
,,,,,,,,288623.2,121.3913333,260869.6,103.3058,,,,,6001451704
,,,,,,,,191551.6,119.1445,191551.6,119.1445,,,,,6013302005
,,,,,,,,281564.3,92.9382,281564.3,92.9382,,,,,6013303203
,,,,,,,,169029.8,99.3262,169029.8,99.3262,,,,,6013306004
,,,,,,,,100657.9,18.8662,100657.9,18.8662,,,,,6013313206
,,,,,,,,115000,66.0009,115000,66.0009,,,,,6013332000
,,,,,,,,192307.7,78.3619,192307.7,78.3619,,,,,6013334004
,,,,,,,,286874.92,141.87774,289062.4,125.8608,191.1554667,61.91716667,132.8556,50.8443,6013340002
,,,,,,,,182812.5,57.1479,182812.5,57.1479,,,,,6013355111
,,,,,,,,235309.7,257.5687,235309.7,257.5687,,,,,6013355114
,,,,,,,,422687.1,484.58075,422687.1,484.58075,,,,,6013359105
,,,,,,,,148166.8,106.8477,148166.8,106.8477,,,,,6013369001
,,,,,,,,179687.6,252.5592,179687.6,252.5592,,,,,6013383000
,,,,,,,,381944.4,419.4759,381944.4,419.4759,,,,,6013389100
,,,,,,,,187500,189.5902,187500,189.5902,,,,,6041116000
,,,,,,,,223301,93.2874,223301,93.2874,,,,,6055200400
,,,,,,,,225000,79.4316,225000,79.4316,,,,,6055200705
,,,,,,,,314666.7,59.6676,314666.7,59.6676,,,,,6055200803
,,,,,,,,117092.99,53.1516,117092.99,53.1516,,,,,6055200804
,,,,,,,,138888.9,16.9943,138888.9,16.9943,,,,,6055201004
,,,,,,,,208333.3,95.2562,208333.3,95.2562,,,,,6055201007
,,,,,,,,145454.5,270.6946,145454.5,270.6946,,,,,6075021700
,,,,,,,,375000,857.1429,375000,857.1429,360,540,360,540,6075022802
,,,,,,,,204200,434.05435,204200,434.05435,,,,,6075026200
,,,,,,,,400000,440.7713,400000,440.7713,,,,,6075026302
,,,,,,,,375000,765.8521,375000,765.8521,,,,,6075030400
,,,,,,,,131000,229.8156,131000,229.8156,,,,,6075031000
,,,,,,,,287656,420.9774,287656,420.9774,,,,,6075060400
,,,,,,,,575000,368.0147,575000,368.0147,,,,,6075061400
,,,,,,,,417500,702.0453,417500,702.0453,,,,,6081600200
,,,,,,,,373653.8,240.5889,373653.8,240.5889,,,,,6081602900
,,,,,,,,285714.3,353.1697,285714.3,353.1697,,,,,6081603000
,,,,,,,,312244.9,351.2397,312244.9,351.2397,,,,,6081603802
,,,,,,,,300259.2,283.8752,300259.2,283.8752,,,,,6081605800
,,,,,,,,366666.7,307.2626,366666.7,307.2626,,,,,6081607300
,,,,,,,,245555.6,121.958,245555.6,121.958,,,,,6081607701
,,,,,,,,264924.13,170.2798667,330681.8,161.4153,,,,,6081608100
,,,,,,,,180748.6333,322.6632667,187500,337.1923,,,,,6081611900
,,,,,,,,324117.7,349.8413,324117.7,349.8413,,,,,6085501800
,,,,,,,,166451,86.5368,166451,86.5368,489.7959,105.9547,489.7959,105.9547,6085502906
,,,,,,,,332500,258.7045,332500,258.7045,,,,,6085502910
,,,,,,,,333333.3,229.2579,333333.3,229.2579,,,,,6085503204
,,,,,,,,178101.3,168.9035,178101.3,168.9035,,,,,6085503331
,,,,,,,,267515.9,260.5912,267515.9,260.5912,,,,,6085503802
,,,,,,,,271875,96.2262,271875,96.2262,,,,,6085503903
,,,,,,,,271875,98.5188,271875,98.5188,344.8276,102.7934,344.8276,102.7934,6085504001
,,,,,,,,277777.8,140.8395,277777.8,140.8395,,,,,6085504201
,,,,,,,,425945.45,415.1485,425945.45,415.1485,,,,,6085504805
,,,,,,,,455604.65,723.7732,455604.65,723.7732,,,,,6085504901
,,,,,,,,154761.9,149.2195,154761.9,149.2195,346.0006,168.49275,346.0006,168.49275,6085505203
,,,,,,,,265866.4,121.450275,289085.75,156.2669,,,,,6085505401
,,,,,,,,554954.9,700.07,554954.9,700.07,,,,,6085506102
,,,,,,,,291405.85,190.9909,291405.85,190.9909,,,,,6085506605
,,,,,,,,350000,150.4662,350000,150.4662,,,,,6085506701
,,,,,,,,121354.15,179.0949,121354.15,179.0949,,,,,6085506702
,,,,,,,,240206.2,91.7489,240206.2,91.7489,382.328,116.9692,382.328,116.9692,6085506803
,,,,,,,,364893.6,155.7378,364893.6,155.7378,,,,,6085507807
,,,,,,,,523056.7,308.4456,523056.7,308.4456,,,,,6085511609
,,,,,,,,176870.6,166.743,176870.6,166.743,,,,,6085511915
,,,,,,,,290497.5,117.9975,290497.5,117.9975,,,,,6085512022
,,,,,,,,184054,61.5497,184054,61.5497,,,,,6085512604
,,,,,,,,148631.98,103.17715,148631.98,103.17715,,,,,6095252103
,,,,,,,,200000,64.5661,200000,64.5661,,,,,6095252106
,,,,,,,,106250,39.9046,106250,39.9046,,,,,6095252707
,,,,,,,,85000,75.9064,85000,75.9064,,,,,6095253101
,,,,,,,,92857.14,19.2541,92857.14,19.2541,,,,,6097150304
,,,,,,,,187500,105.9547,187500,105.9547,,,,,6097151307
,,,,,,,,194037.8333,104.8797333,187499.9,100.9828,,,,,6097151311
,,,,,,,,280000,172.1065,280000,172.1065,,,,,6097151504
,,,,,,,,201407.9,110.4105,201407.9,110.4105,,,,,6097152501
,,,,,,,,172839.5,139.1318,172839.5,139.1318,,,,,6097153808
,,,,,,,,,,,,220.5882,198.8351,220.5882,198.8351,6001400500
,,,,,,,,,,,,296.6667,145.9399,296.6667,145.9399,6001442800
,,,,,,,,,,,,180.594,15.6447,180.594,15.6447,6001451504
,,,,,,,,,,,,211.8644,42.9561,211.8644,42.9561,6013308001
,,,,,,,,,,,,149.7397,58.96513333,126.2578,70.9762,6013322000
,,,,,,,,,,,,192.4011,312.208,192.4011,312.208,6013345111
,,,,,,,,,,,,212.9744,96.4581,212.9744,96.4581,6085502800
,,,,,,,,,,,,183.337,75.9792,183.337,75.9792,6085503323
,,,,,,,,,,,,303.0769,136.7961,303.0769,136.7961,6085503327
,,,,,,,,,,,,444.2147,668.8149667,419.6429,120.6908,6085507203
,,,,,,,,,,,,453.4188,141.1287,453.4188,141.1287,6085507401
,,,,,,,,,,,,324.6369,101.30455,324.6369,101.30455,6085508003
,,,,,,,,,,,,289.7151,90.5338,289.7151,90.5338,6085512053
,,,,,,,,,,,,241.3322,98.916,241.3322,98.916,6085512505
,,,,,,,,,,,,268.90615,88.8044,268.90615,88.8044,6095252312
,,,,,,,,,,,,380.1765,80.3489,380.1765,80.3489,6095252914
